csat_id,date,work_type,team_id,customer_segment,csat_score,feedback_theme
CSAT_000001,2026-03-21,audio_evaluation,TEAM_APAC_AUDIO_02,strategic,4.2,calibration
CSAT_000002,2026-04-04,audio_evaluation,TEAM_APAC_AUDIO_03,enterprise,4.4,timeliness
CSAT_000003,2026-04-11,audio_evaluation,TEAM_APAC_AUDIO_02,enterprise,4.1,timeliness
CSAT_000004,2026-04-24,code_review,TEAM_APAC_CODE_02,mid_market,4.6,handoff_quality
CSAT_000005,2026-06-08,image_annotation,TEAM_APAC_IMAGE_03,strategic,4.7,handoff_quality
CSAT_000006,2026-05-15,audio_evaluation,TEAM_APAC_AUDIO_02,startup,3.8,communication
CSAT_000007,2026-06-13,expert_review,TEAM_APAC_EXPERT_02,mid_market,4.3,handoff_quality
CSAT_000008,2026-03-27,image_annotation,TEAM_APAC_IMAGE_04,mid_market,4.9,responsiveness
CSAT_000009,2026-05-03,rlhf_evaluation,TEAM_APAC_RLHF_02,strategic,4.2,tooling
CSAT_000010,2026-04-10,code_review,TEAM_APAC_CODE_02,mid_market,4.1,timeliness
CSAT_000011,2026-04-26,image_annotation,TEAM_APAC_IMAGE_04,mid_market,4.6,accuracy
CSAT_000012,2026-03-22,audio_evaluation,TEAM_APAC_AUDIO_02,strategic,4.0,accuracy
CSAT_000013,2026-05-30,rlhf_evaluation,TEAM_APAC_RLHF_01,startup,4.6,handoff_quality
CSAT_000014,2026-04-13,rlhf_evaluation,TEAM_APAC_RLHF_03,mid_market,4.3,handoff_quality
CSAT_000015,2026-03-26,code_review,TEAM_APAC_CODE_02,mid_market,4.5,responsiveness
CSAT_000016,2026-05-30,audio_evaluation,TEAM_APAC_AUDIO_03,mid_market,4.4,timeliness
CSAT_000017,2026-04-19,audio_evaluation,TEAM_APAC_AUDIO_03,strategic,4.5,handoff_quality
CSAT_000018,2026-05-06,expert_review,TEAM_APAC_EXPERT_01,enterprise,3.9,calibration
CSAT_000019,2026-05-20,code_review,TEAM_APAC_CODE_01,strategic,4.6,accuracy
CSAT_000020,2026-04-10,image_annotation,TEAM_APAC_IMAGE_03,mid_market,4.1,accuracy
CSAT_000021,2026-05-23,rlhf_evaluation,TEAM_APAC_RLHF_03,mid_market,4.5,accuracy
CSAT_000022,2026-06-05,rlhf_evaluation,TEAM_APAC_RLHF_01,enterprise,3.7,timeliness
CSAT_000023,2026-04-12,image_annotation,TEAM_APAC_IMAGE_01,strategic,4.9,timeliness
CSAT_000024,2026-03-21,expert_review,TEAM_APAC_EXPERT_01,mid_market,4.2,responsiveness
CSAT_000025,2026-05-01,expert_review,TEAM_APAC_EXPERT_02,strategic,4.3,responsiveness
CSAT_000026,2026-05-26,image_annotation,TEAM_APAC_IMAGE_02,mid_market,4.7,responsiveness
CSAT_000027,2026-05-29,code_review,TEAM_APAC_CODE_02,startup,4.2,tooling
CSAT_000028,2026-05-23,audio_evaluation,TEAM_APAC_AUDIO_01,enterprise,4.0,accuracy
CSAT_000029,2026-04-26,image_annotation,TEAM_APAC_IMAGE_04,enterprise,4.0,calibration
CSAT_000030,2026-05-24,rlhf_evaluation,TEAM_APAC_RLHF_02,enterprise,4.2,accuracy
CSAT_000031,2026-05-20,code_review,TEAM_APAC_CODE_01,startup,4.3,communication
CSAT_000032,2026-04-02,audio_evaluation,TEAM_APAC_AUDIO_03,startup,4.3,calibration
CSAT_000033,2026-03-26,expert_review,TEAM_APAC_EXPERT_01,mid_market,4.1,communication
CSAT_000034,2026-04-20,image_annotation,TEAM_APAC_IMAGE_03,enterprise,4.4,timeliness
CSAT_000035,2026-05-13,audio_evaluation,TEAM_APAC_AUDIO_01,enterprise,4.5,tooling
CSAT_000036,2026-05-24,image_annotation,TEAM_APAC_IMAGE_04,enterprise,4.4,responsiveness
CSAT_000037,2026-03-20,rlhf_evaluation,TEAM_APAC_RLHF_03,strategic,4.3,timeliness
CSAT_000038,2026-04-26,image_annotation,TEAM_APAC_IMAGE_01,enterprise,4.9,responsiveness
CSAT_000039,2026-03-24,image_annotation,TEAM_APAC_IMAGE_02,enterprise,4.6,responsiveness
CSAT_000040,2026-04-11,expert_review,TEAM_APAC_EXPERT_02,enterprise,4.8,timeliness
CSAT_000041,2026-05-28,image_annotation,TEAM_APAC_IMAGE_04,startup,4.5,handoff_quality
CSAT_000042,2026-05-11,expert_review,TEAM_APAC_EXPERT_02,enterprise,4.2,accuracy
CSAT_000043,2026-04-03,rlhf_evaluation,TEAM_APAC_RLHF_03,mid_market,4.1,timeliness
CSAT_000044,2026-04-30,rlhf_evaluation,TEAM_APAC_RLHF_01,enterprise,4.1,communication
CSAT_000045,2026-06-02,image_annotation,TEAM_APAC_IMAGE_02,enterprise,4.5,communication
CSAT_000046,2026-05-17,audio_evaluation,TEAM_APAC_AUDIO_03,strategic,4.3,communication
CSAT_000047,2026-03-30,audio_evaluation,TEAM_APAC_AUDIO_02,startup,4.4,timeliness
CSAT_000048,2026-05-23,audio_evaluation,TEAM_APAC_AUDIO_01,strategic,4.7,tooling
CSAT_000049,2026-05-13,image_annotation,TEAM_APAC_IMAGE_02,startup,4.8,communication
CSAT_000050,2026-04-14,code_review,TEAM_APAC_CODE_03,strategic,4.0,timeliness
CSAT_000051,2026-03-26,image_annotation,TEAM_APAC_IMAGE_03,enterprise,4.2,accuracy
CSAT_000052,2026-03-24,rlhf_evaluation,TEAM_APAC_RLHF_03,enterprise,4.2,responsiveness
CSAT_000053,2026-05-21,image_annotation,TEAM_APAC_IMAGE_03,enterprise,4.6,tooling
CSAT_000054,2026-05-07,rlhf_evaluation,TEAM_APAC_RLHF_03,strategic,4.5,handoff_quality
CSAT_000055,2026-05-29,rlhf_evaluation,TEAM_APAC_RLHF_02,mid_market,4.1,accuracy
CSAT_000056,2026-06-11,code_review,TEAM_APAC_CODE_02,strategic,3.9,calibration
CSAT_000057,2026-05-24,audio_evaluation,TEAM_APAC_AUDIO_03,enterprise,4.1,timeliness
CSAT_000058,2026-06-11,rlhf_evaluation,TEAM_APAC_RLHF_03,enterprise,4.4,tooling
CSAT_000059,2026-05-25,image_annotation,TEAM_APAC_IMAGE_01,mid_market,4.4,calibration
CSAT_000060,2026-05-25,expert_review,TEAM_APAC_EXPERT_01,mid_market,4.4,calibration
CSAT_000061,2026-06-03,audio_evaluation,TEAM_APAC_AUDIO_01,enterprise,4.2,timeliness
CSAT_000062,2026-03-25,image_annotation,TEAM_APAC_IMAGE_02,enterprise,4.6,communication
CSAT_000063,2026-05-26,image_annotation,TEAM_APAC_IMAGE_04,mid_market,4.5,timeliness
CSAT_000064,2026-04-06,code_review,TEAM_APAC_CODE_01,strategic,4.3,tooling
CSAT_000065,2026-06-12,expert_review,TEAM_APAC_EXPERT_02,enterprise,4.2,handoff_quality
CSAT_000066,2026-04-25,image_annotation,TEAM_APAC_IMAGE_04,enterprise,4.2,communication
CSAT_000067,2026-04-20,image_annotation,TEAM_APAC_IMAGE_03,strategic,4.4,calibration
CSAT_000068,2026-04-02,image_annotation,TEAM_APAC_IMAGE_04,enterprise,5.0,timeliness
CSAT_000069,2026-05-17,rlhf_evaluation,TEAM_APAC_RLHF_03,enterprise,4.1,calibration
CSAT_000070,2026-05-20,image_annotation,TEAM_APAC_IMAGE_01,startup,4.4,communication
CSAT_000071,2026-03-20,image_annotation,TEAM_APAC_IMAGE_02,enterprise,4.5,calibration
CSAT_000072,2026-03-29,audio_evaluation,TEAM_APAC_AUDIO_03,mid_market,4.3,handoff_quality
CSAT_000073,2026-06-01,image_annotation,TEAM_APAC_IMAGE_01,enterprise,4.6,tooling
CSAT_000074,2026-05-13,image_annotation,TEAM_APAC_IMAGE_04,enterprise,4.7,handoff_quality
CSAT_000075,2026-03-27,code_review,TEAM_APAC_CODE_02,mid_market,4.1,communication
CSAT_000076,2026-05-10,code_review,TEAM_APAC_CODE_01,mid_market,3.9,communication
CSAT_000077,2026-05-31,image_annotation,TEAM_APAC_IMAGE_04,strategic,4.6,accuracy
CSAT_000078,2026-06-12,rlhf_evaluation,TEAM_APAC_RLHF_03,mid_market,4.5,tooling
CSAT_000079,2026-04-14,rlhf_evaluation,TEAM_APAC_RLHF_03,mid_market,4.5,accuracy
CSAT_000080,2026-06-01,expert_review,TEAM_APAC_EXPERT_02,mid_market,4.4,calibration
CSAT_000081,2026-05-24,code_review,TEAM_APAC_CODE_01,mid_market,4.4,timeliness
CSAT_000082,2026-05-26,rlhf_evaluation,TEAM_APAC_RLHF_01,enterprise,4.5,accuracy
CSAT_000083,2026-04-16,image_annotation,TEAM_APAC_IMAGE_02,enterprise,4.1,timeliness
CSAT_000084,2026-05-01,code_review,TEAM_APAC_CODE_02,startup,4.3,tooling
CSAT_000085,2026-04-13,rlhf_evaluation,TEAM_APAC_RLHF_01,enterprise,4.3,calibration
CSAT_000086,2026-03-30,rlhf_evaluation,TEAM_APAC_RLHF_03,enterprise,4.6,tooling
CSAT_000087,2026-06-03,expert_review,TEAM_APAC_EXPERT_01,enterprise,4.3,accuracy
CSAT_000088,2026-06-01,image_annotation,TEAM_APAC_IMAGE_02,mid_market,4.5,responsiveness
CSAT_000089,2026-06-06,code_review,TEAM_APAC_CODE_03,enterprise,4.1,calibration
CSAT_000090,2026-05-19,code_review,TEAM_APAC_CODE_01,mid_market,4.3,accuracy
CSAT_000091,2026-05-26,rlhf_evaluation,TEAM_APAC_RLHF_03,startup,4.5,accuracy
CSAT_000092,2026-03-30,image_annotation,TEAM_APAC_IMAGE_04,strategic,4.7,responsiveness
CSAT_000093,2026-05-09,code_review,TEAM_APAC_CODE_03,enterprise,4.3,timeliness
CSAT_000094,2026-04-24,expert_review,TEAM_APAC_EXPERT_02,mid_market,4.3,accuracy
CSAT_000095,2026-06-09,image_annotation,TEAM_APAC_IMAGE_02,startup,4.7,accuracy
CSAT_000096,2026-03-27,code_review,TEAM_APAC_CODE_03,mid_market,4.2,handoff_quality
CSAT_000097,2026-05-07,rlhf_evaluation,TEAM_APAC_RLHF_01,enterprise,4.3,tooling
CSAT_000098,2026-06-08,rlhf_evaluation,TEAM_APAC_RLHF_01,strategic,4.0,communication
CSAT_000099,2026-04-13,code_review,TEAM_APAC_CODE_03,enterprise,4.4,communication
CSAT_000100,2026-06-06,audio_evaluation,TEAM_APAC_AUDIO_01,enterprise,4.2,responsiveness
CSAT_000101,2026-06-11,image_annotation,TEAM_APAC_IMAGE_02,mid_market,4.7,timeliness
CSAT_000102,2026-06-14,audio_evaluation,TEAM_APAC_AUDIO_02,enterprise,4.2,handoff_quality
CSAT_000103,2026-05-23,code_review,TEAM_APAC_CODE_03,strategic,4.5,communication
CSAT_000104,2026-04-03,audio_evaluation,TEAM_APAC_AUDIO_03,enterprise,4.2,handoff_quality
CSAT_000105,2026-05-30,audio_evaluation,TEAM_APAC_AUDIO_02,startup,4.2,accuracy
CSAT_000106,2026-03-25,rlhf_evaluation,TEAM_APAC_RLHF_03,enterprise,4.3,communication
CSAT_000107,2026-04-24,image_annotation,TEAM_APAC_IMAGE_03,startup,4.4,accuracy
CSAT_000108,2026-04-25,code_review,TEAM_APAC_CODE_02,strategic,4.3,accuracy
CSAT_000109,2026-06-01,audio_evaluation,TEAM_APAC_AUDIO_02,enterprise,4.2,calibration
CSAT_000110,2026-04-11,image_annotation,TEAM_APAC_IMAGE_01,enterprise,4.5,handoff_quality
CSAT_000111,2026-04-20,code_review,TEAM_APAC_CODE_01,enterprise,4.5,communication
CSAT_000112,2026-05-22,audio_evaluation,TEAM_APAC_AUDIO_02,enterprise,4.2,handoff_quality
CSAT_000113,2026-04-09,image_annotation,TEAM_APAC_IMAGE_02,enterprise,4.3,timeliness
CSAT_000114,2026-03-29,code_review,TEAM_APAC_CODE_02,startup,4.2,calibration
CSAT_000115,2026-04-07,audio_evaluation,TEAM_APAC_AUDIO_03,enterprise,4.1,timeliness
CSAT_000116,2026-03-30,expert_review,TEAM_APAC_EXPERT_01,enterprise,4.0,timeliness
CSAT_000117,2026-04-28,expert_review,TEAM_APAC_EXPERT_02,mid_market,4.0,timeliness
CSAT_000118,2026-06-09,code_review,TEAM_APAC_CODE_03,enterprise,4.6,handoff_quality
CSAT_000119,2026-04-24,audio_evaluation,TEAM_APAC_AUDIO_02,startup,4.1,accuracy
CSAT_000120,2026-05-25,rlhf_evaluation,TEAM_APAC_RLHF_01,startup,4.5,communication
CSAT_000121,2026-06-12,rlhf_evaluation,TEAM_APAC_RLHF_02,strategic,4.3,responsiveness
CSAT_000122,2026-04-24,audio_evaluation,TEAM_APAC_AUDIO_02,enterprise,4.0,timeliness
CSAT_000123,2026-04-11,audio_evaluation,TEAM_APAC_AUDIO_01,enterprise,4.3,accuracy
CSAT_000124,2026-04-24,rlhf_evaluation,TEAM_APAC_RLHF_03,startup,4.5,handoff_quality
CSAT_000125,2026-05-19,rlhf_evaluation,TEAM_APAC_RLHF_02,strategic,4.4,tooling
CSAT_000126,2026-05-19,code_review,TEAM_APAC_CODE_03,enterprise,4.2,timeliness
CSAT_000127,2026-04-08,audio_evaluation,TEAM_APAC_AUDIO_02,enterprise,4.2,accuracy
CSAT_000128,2026-05-26,image_annotation,TEAM_APAC_IMAGE_02,strategic,4.4,timeliness
CSAT_000129,2026-04-08,expert_review,TEAM_APAC_EXPERT_01,enterprise,4.2,tooling
CSAT_000130,2026-03-19,audio_evaluation,TEAM_APAC_AUDIO_01,enterprise,3.9,calibration
CSAT_000131,2026-05-08,audio_evaluation,TEAM_APAC_AUDIO_03,strategic,4.1,calibration
CSAT_000132,2026-05-13,expert_review,TEAM_APAC_EXPERT_01,enterprise,4.6,calibration
CSAT_000133,2026-06-14,expert_review,TEAM_APAC_EXPERT_01,startup,4.2,communication
CSAT_000134,2026-04-16,audio_evaluation,TEAM_APAC_AUDIO_02,mid_market,4.1,accuracy
CSAT_000135,2026-04-08,code_review,TEAM_APAC_CODE_02,enterprise,4.3,tooling
CSAT_000136,2026-03-29,rlhf_evaluation,TEAM_APAC_RLHF_02,strategic,4.1,accuracy
CSAT_000137,2026-05-07,rlhf_evaluation,TEAM_APAC_RLHF_03,mid_market,4.0,calibration
CSAT_000138,2026-06-13,expert_review,TEAM_APAC_EXPERT_01,enterprise,4.4,handoff_quality
CSAT_000139,2026-06-06,rlhf_evaluation,TEAM_APAC_RLHF_03,strategic,4.2,handoff_quality
CSAT_000140,2026-05-06,rlhf_evaluation,TEAM_APAC_RLHF_01,enterprise,4.4,communication
CSAT_000141,2026-06-05,image_annotation,TEAM_APAC_IMAGE_04,enterprise,4.5,tooling
CSAT_000142,2026-05-13,expert_review,TEAM_APAC_EXPERT_01,enterprise,4.2,responsiveness
CSAT_000143,2026-03-18,image_annotation,TEAM_APAC_IMAGE_02,strategic,4.5,timeliness
CSAT_000144,2026-06-10,code_review,TEAM_APAC_CODE_01,mid_market,4.2,calibration
CSAT_000145,2026-04-03,image_annotation,TEAM_APAC_IMAGE_02,strategic,4.6,tooling
CSAT_000146,2026-05-01,rlhf_evaluation,TEAM_APAC_RLHF_03,enterprise,4.7,timeliness
CSAT_000147,2026-05-31,audio_evaluation,TEAM_APAC_AUDIO_03,mid_market,3.9,timeliness
CSAT_000148,2026-04-26,image_annotation,TEAM_APAC_IMAGE_01,startup,4.5,communication
CSAT_000149,2026-05-06,rlhf_evaluation,TEAM_APAC_RLHF_03,startup,4.5,tooling
CSAT_000150,2026-05-09,audio_evaluation,TEAM_APAC_AUDIO_02,mid_market,4.0,communication
CSAT_000151,2026-04-08,image_annotation,TEAM_APAC_IMAGE_02,enterprise,4.3,tooling
CSAT_000152,2026-04-08,expert_review,TEAM_APAC_EXPERT_02,strategic,4.2,handoff_quality
CSAT_000153,2026-03-20,rlhf_evaluation,TEAM_APAC_RLHF_01,enterprise,4.5,handoff_quality
CSAT_000154,2026-04-21,rlhf_evaluation,TEAM_APAC_RLHF_01,strategic,4.7,accuracy
CSAT_000155,2026-04-09,code_review,TEAM_APAC_CODE_02,strategic,4.3,responsiveness
CSAT_000156,2026-04-17,code_review,TEAM_APAC_CODE_02,enterprise,4.5,handoff_quality
CSAT_000157,2026-03-18,image_annotation,TEAM_APAC_IMAGE_03,strategic,4.8,accuracy
CSAT_000158,2026-06-12,expert_review,TEAM_APAC_EXPERT_02,enterprise,4.3,responsiveness
CSAT_000159,2026-06-05,image_annotation,TEAM_APAC_IMAGE_04,startup,4.7,handoff_quality
CSAT_000160,2026-05-22,rlhf_evaluation,TEAM_APAC_RLHF_02,strategic,3.9,communication
CSAT_000161,2026-03-21,audio_evaluation,TEAM_APAC_AUDIO_02,enterprise,4.2,calibration
CSAT_000162,2026-03-24,image_annotation,TEAM_APAC_IMAGE_03,enterprise,4.5,calibration
CSAT_000163,2026-05-18,expert_review,TEAM_APAC_EXPERT_01,mid_market,4.3,timeliness
CSAT_000164,2026-06-03,rlhf_evaluation,TEAM_APAC_RLHF_01,strategic,4.0,accuracy
CSAT_000165,2026-04-26,rlhf_evaluation,TEAM_APAC_RLHF_02,enterprise,4.3,responsiveness
CSAT_000166,2026-04-13,code_review,TEAM_APAC_CODE_03,enterprise,4.2,timeliness
CSAT_000167,2026-04-22,image_annotation,TEAM_APAC_IMAGE_03,enterprise,4.5,accuracy
CSAT_000168,2026-05-12,code_review,TEAM_APAC_CODE_03,strategic,4.7,accuracy
CSAT_000169,2026-05-22,image_annotation,TEAM_APAC_IMAGE_01,strategic,4.9,handoff_quality
CSAT_000170,2026-04-19,expert_review,TEAM_APAC_EXPERT_02,strategic,4.0,communication
CSAT_000171,2026-05-17,expert_review,TEAM_APAC_EXPERT_01,enterprise,4.3,timeliness
CSAT_000172,2026-05-12,audio_evaluation,TEAM_APAC_AUDIO_03,enterprise,4.3,communication
CSAT_000173,2026-05-17,expert_review,TEAM_APAC_EXPERT_02,enterprise,3.9,communication
CSAT_000174,2026-06-09,image_annotation,TEAM_APAC_IMAGE_01,strategic,4.6,communication
CSAT_000175,2026-05-21,expert_review,TEAM_APAC_EXPERT_01,enterprise,4.5,timeliness
CSAT_000176,2026-04-07,audio_evaluation,TEAM_APAC_AUDIO_03,startup,4.2,responsiveness
CSAT_000177,2026-04-06,audio_evaluation,TEAM_APAC_AUDIO_02,strategic,4.3,communication
CSAT_000178,2026-05-08,image_annotation,TEAM_APAC_IMAGE_02,enterprise,4.7,tooling
CSAT_000179,2026-05-03,rlhf_evaluation,TEAM_APAC_RLHF_03,mid_market,4.5,timeliness
CSAT_000180,2026-05-29,rlhf_evaluation,TEAM_APAC_RLHF_01,strategic,4.4,communication
CSAT_000181,2026-04-10,rlhf_evaluation,TEAM_APAC_RLHF_02,enterprise,4.3,responsiveness
CSAT_000182,2026-04-19,code_review,TEAM_APAC_CODE_01,enterprise,4.1,timeliness
CSAT_000183,2026-05-19,expert_review,TEAM_APAC_EXPERT_01,enterprise,4.4,handoff_quality
CSAT_000184,2026-05-05,rlhf_evaluation,TEAM_APAC_RLHF_02,mid_market,4.2,communication
CSAT_000185,2026-04-20,code_review,TEAM_APAC_CODE_01,mid_market,4.4,responsiveness
CSAT_000186,2026-04-29,rlhf_evaluation,TEAM_APAC_RLHF_02,mid_market,4.6,communication
CSAT_000187,2026-05-03,code_review,TEAM_APAC_CODE_02,mid_market,4.4,communication
CSAT_000188,2026-05-24,rlhf_evaluation,TEAM_APAC_RLHF_01,mid_market,4.5,calibration
CSAT_000189,2026-06-12,image_annotation,TEAM_APAC_IMAGE_02,enterprise,4.5,handoff_quality
CSAT_000190,2026-06-09,rlhf_evaluation,TEAM_APAC_RLHF_01,enterprise,3.9,timeliness
CSAT_000191,2026-06-14,image_annotation,TEAM_APAC_IMAGE_02,mid_market,4.3,accuracy
CSAT_000192,2026-05-21,code_review,TEAM_APAC_CODE_03,mid_market,4.2,handoff_quality
CSAT_000193,2026-05-29,rlhf_evaluation,TEAM_APAC_RLHF_02,strategic,4.5,responsiveness
CSAT_000194,2026-03-18,code_review,TEAM_APAC_CODE_02,enterprise,4.4,accuracy
CSAT_000195,2026-04-16,rlhf_evaluation,TEAM_APAC_RLHF_01,strategic,4.8,timeliness
CSAT_000196,2026-04-19,rlhf_evaluation,TEAM_APAC_RLHF_02,mid_market,4.2,tooling
CSAT_000197,2026-04-10,rlhf_evaluation,TEAM_APAC_RLHF_03,startup,4.2,handoff_quality
CSAT_000198,2026-03-28,expert_review,TEAM_APAC_EXPERT_01,enterprise,4.3,tooling
CSAT_000199,2026-06-08,code_review,TEAM_APAC_CODE_03,enterprise,4.2,timeliness
CSAT_000200,2026-04-15,expert_review,TEAM_APAC_EXPERT_02,mid_market,3.8,calibration
CSAT_000201,2026-04-08,code_review,TEAM_APAC_CODE_02,enterprise,4.1,calibration
CSAT_000202,2026-04-04,expert_review,TEAM_APAC_EXPERT_01,enterprise,3.7,timeliness
CSAT_000203,2026-05-28,expert_review,TEAM_APAC_EXPERT_01,mid_market,3.9,timeliness
CSAT_000204,2026-05-08,expert_review,TEAM_APAC_EXPERT_01,startup,4.1,accuracy
CSAT_000205,2026-05-20,code_review,TEAM_APAC_CODE_01,mid_market,4.0,timeliness
CSAT_000206,2026-06-12,image_annotation,TEAM_APAC_IMAGE_02,enterprise,4.4,tooling
CSAT_000207,2026-03-17,code_review,TEAM_APAC_CODE_01,enterprise,4.5,tooling
CSAT_000208,2026-05-19,expert_review,TEAM_APAC_EXPERT_01,strategic,4.6,calibration
CSAT_000209,2026-04-01,audio_evaluation,TEAM_APAC_AUDIO_03,mid_market,4.3,responsiveness
CSAT_000210,2026-03-28,expert_review,TEAM_APAC_EXPERT_02,strategic,4.2,accuracy
CSAT_000211,2026-04-12,rlhf_evaluation,TEAM_APAC_RLHF_03,enterprise,4.2,tooling
CSAT_000212,2026-05-14,image_annotation,TEAM_APAC_IMAGE_01,mid_market,4.5,accuracy
CSAT_000213,2026-05-22,code_review,TEAM_APAC_CODE_03,startup,4.0,accuracy
CSAT_000214,2026-05-07,image_annotation,TEAM_APAC_IMAGE_01,startup,4.5,responsiveness
CSAT_000215,2026-03-23,code_review,TEAM_APAC_CODE_01,enterprise,4.4,tooling
CSAT_000216,2026-05-13,audio_evaluation,TEAM_APAC_AUDIO_01,enterprise,4.7,timeliness
CSAT_000217,2026-05-31,code_review,TEAM_APAC_CODE_01,strategic,4.5,accuracy
CSAT_000218,2026-04-05,expert_review,TEAM_APAC_EXPERT_02,mid_market,4.5,timeliness
CSAT_000219,2026-04-01,rlhf_evaluation,TEAM_APAC_RLHF_01,strategic,4.7,handoff_quality
CSAT_000220,2026-05-26,code_review,TEAM_APAC_CODE_03,startup,4.8,timeliness
CSAT_000221,2026-05-01,expert_review,TEAM_APAC_EXPERT_02,mid_market,4.1,calibration
CSAT_000222,2026-06-11,image_annotation,TEAM_APAC_IMAGE_02,enterprise,4.1,calibration
CSAT_000223,2026-05-27,audio_evaluation,TEAM_APAC_AUDIO_02,mid_market,4.4,timeliness
CSAT_000224,2026-04-09,expert_review,TEAM_APAC_EXPERT_01,strategic,4.6,tooling
CSAT_000225,2026-06-15,code_review,TEAM_APAC_CODE_03,enterprise,4.1,accuracy
CSAT_000226,2026-06-01,image_annotation,TEAM_APAC_IMAGE_01,startup,4.5,handoff_quality
CSAT_000227,2026-03-24,expert_review,TEAM_APAC_EXPERT_02,enterprise,4.3,accuracy
CSAT_000228,2026-04-21,code_review,TEAM_APAC_CODE_01,mid_market,4.4,tooling
CSAT_000229,2026-06-05,image_annotation,TEAM_APAC_IMAGE_01,strategic,4.7,communication
CSAT_000230,2026-06-08,rlhf_evaluation,TEAM_APAC_RLHF_01,enterprise,4.5,timeliness
CSAT_000231,2026-04-11,audio_evaluation,TEAM_APAC_AUDIO_01,mid_market,5.0,calibration
CSAT_000232,2026-05-06,rlhf_evaluation,TEAM_APAC_RLHF_02,enterprise,4.1,accuracy
CSAT_000233,2026-04-22,image_annotation,TEAM_APAC_IMAGE_03,enterprise,4.3,communication
CSAT_000234,2026-05-30,expert_review,TEAM_APAC_EXPERT_01,startup,4.3,handoff_quality
CSAT_000235,2026-06-05,rlhf_evaluation,TEAM_APAC_RLHF_01,mid_market,4.1,timeliness
CSAT_000236,2026-04-09,code_review,TEAM_APAC_CODE_02,enterprise,3.9,timeliness
CSAT_000237,2026-04-28,code_review,TEAM_APAC_CODE_03,enterprise,4.2,timeliness
CSAT_000238,2026-03-27,audio_evaluation,TEAM_APAC_AUDIO_02,enterprise,4.3,timeliness
CSAT_000239,2026-04-10,code_review,TEAM_APAC_CODE_01,enterprise,4.3,calibration
CSAT_000240,2026-04-11,audio_evaluation,TEAM_APAC_AUDIO_03,mid_market,4.1,calibration
CSAT_000241,2026-05-11,rlhf_evaluation,TEAM_APAC_RLHF_01,enterprise,4.3,calibration
CSAT_000242,2026-06-03,audio_evaluation,TEAM_APAC_AUDIO_01,mid_market,4.3,handoff_quality
CSAT_000243,2026-04-15,image_annotation,TEAM_APAC_IMAGE_01,mid_market,4.6,tooling
CSAT_000244,2026-03-29,image_annotation,TEAM_APAC_IMAGE_03,enterprise,4.4,accuracy
CSAT_000245,2026-06-13,expert_review,TEAM_APAC_EXPERT_02,enterprise,4.3,tooling
CSAT_000246,2026-04-12,rlhf_evaluation,TEAM_APAC_RLHF_02,mid_market,4.4,responsiveness
CSAT_000247,2026-05-10,expert_review,TEAM_APAC_EXPERT_02,startup,4.0,timeliness
CSAT_000248,2026-04-13,code_review,TEAM_APAC_CODE_03,enterprise,4.3,communication
CSAT_000249,2026-05-03,image_annotation,TEAM_APAC_IMAGE_02,strategic,4.4,tooling
CSAT_000250,2026-06-07,rlhf_evaluation,TEAM_APAC_RLHF_02,mid_market,4.3,timeliness
CSAT_000251,2026-05-13,code_review,TEAM_APAC_CODE_01,strategic,4.2,handoff_quality
CSAT_000252,2026-04-21,rlhf_evaluation,TEAM_APAC_RLHF_01,enterprise,4.6,handoff_quality
CSAT_000253,2026-04-14,expert_review,TEAM_APAC_EXPERT_02,enterprise,4.6,communication
CSAT_000254,2026-05-08,image_annotation,TEAM_APAC_IMAGE_02,strategic,4.4,handoff_quality
CSAT_000255,2026-06-06,code_review,TEAM_APAC_CODE_02,strategic,3.9,communication
CSAT_000256,2026-04-12,expert_review,TEAM_APAC_EXPERT_01,startup,4.3,responsiveness
CSAT_000257,2026-03-24,code_review,TEAM_APAC_CODE_03,mid_market,4.1,accuracy
CSAT_000258,2026-04-15,image_annotation,TEAM_APAC_IMAGE_02,enterprise,4.7,handoff_quality
CSAT_000259,2026-04-22,code_review,TEAM_APAC_CODE_01,enterprise,4.2,calibration
CSAT_000260,2026-05-14,rlhf_evaluation,TEAM_APAC_RLHF_03,enterprise,4.3,timeliness
CSAT_000261,2026-05-13,expert_review,TEAM_APAC_EXPERT_01,enterprise,4.4,timeliness
CSAT_000262,2026-04-27,image_annotation,TEAM_APAC_IMAGE_02,startup,4.9,responsiveness
CSAT_000263,2026-05-04,image_annotation,TEAM_APAC_IMAGE_03,startup,4.7,tooling
CSAT_000264,2026-04-24,audio_evaluation,TEAM_APAC_AUDIO_01,enterprise,4.3,tooling
CSAT_000265,2026-03-27,expert_review,TEAM_APAC_EXPERT_02,mid_market,4.2,timeliness
CSAT_000266,2026-03-21,expert_review,TEAM_APAC_EXPERT_01,mid_market,4.2,calibration
CSAT_000267,2026-05-11,code_review,TEAM_APAC_CODE_03,enterprise,4.1,timeliness
CSAT_000268,2026-03-25,image_annotation,TEAM_APAC_IMAGE_03,startup,4.6,responsiveness
CSAT_000269,2026-05-30,audio_evaluation,TEAM_APAC_AUDIO_01,enterprise,4.0,timeliness
CSAT_000270,2026-03-27,audio_evaluation,TEAM_APAC_AUDIO_03,strategic,3.9,timeliness
CSAT_000271,2026-04-12,image_annotation,TEAM_APAC_IMAGE_01,strategic,4.8,handoff_quality
CSAT_000272,2026-05-12,audio_evaluation,TEAM_APAC_AUDIO_01,enterprise,4.1,timeliness
CSAT_000273,2026-04-28,code_review,TEAM_APAC_CODE_03,startup,4.4,responsiveness
CSAT_000274,2026-05-17,rlhf_evaluation,TEAM_APAC_RLHF_01,strategic,4.5,calibration
CSAT_000275,2026-04-29,expert_review,TEAM_APAC_EXPERT_01,strategic,4.5,calibration
CSAT_000276,2026-04-05,code_review,TEAM_APAC_CODE_03,strategic,3.9,communication
CSAT_000277,2026-04-07,audio_evaluation,TEAM_APAC_AUDIO_02,enterprise,4.4,timeliness
CSAT_000278,2026-04-22,audio_evaluation,TEAM_APAC_AUDIO_02,enterprise,4.4,accuracy
CSAT_000279,2026-03-20,code_review,TEAM_APAC_CODE_01,enterprise,4.6,accuracy
CSAT_000280,2026-06-15,audio_evaluation,TEAM_APAC_AUDIO_03,strategic,4.0,calibration
CSAT_000281,2026-05-21,rlhf_evaluation,TEAM_APAC_RLHF_02,enterprise,4.0,timeliness
CSAT_000282,2026-04-27,code_review,TEAM_APAC_CODE_01,mid_market,4.4,tooling
CSAT_000283,2026-04-04,image_annotation,TEAM_APAC_IMAGE_01,enterprise,4.6,handoff_quality
CSAT_000284,2026-05-05,code_review,TEAM_APAC_CODE_02,startup,4.4,calibration
CSAT_000285,2026-04-26,image_annotation,TEAM_APAC_IMAGE_04,mid_market,4.6,accuracy
CSAT_000286,2026-06-13,image_annotation,TEAM_APAC_IMAGE_03,mid_market,4.4,calibration
CSAT_000287,2026-05-30,rlhf_evaluation,TEAM_APAC_RLHF_01,strategic,4.1,communication
CSAT_000288,2026-05-31,code_review,TEAM_APAC_CODE_02,strategic,4.4,tooling
CSAT_000289,2026-03-31,expert_review,TEAM_APAC_EXPERT_02,mid_market,4.0,calibration
CSAT_000290,2026-04-04,audio_evaluation,TEAM_APAC_AUDIO_01,mid_market,4.1,timeliness
CSAT_000291,2026-05-29,code_review,TEAM_APAC_CODE_03,mid_market,4.8,timeliness
CSAT_000292,2026-05-07,rlhf_evaluation,TEAM_APAC_RLHF_02,enterprise,4.2,handoff_quality
CSAT_000293,2026-04-14,code_review,TEAM_APAC_CODE_01,enterprise,4.7,handoff_quality
CSAT_000294,2026-05-13,expert_review,TEAM_APAC_EXPERT_01,strategic,4.4,calibration
CSAT_000295,2026-04-10,expert_review,TEAM_APAC_EXPERT_02,enterprise,4.4,accuracy
CSAT_000296,2026-05-10,rlhf_evaluation,TEAM_APAC_RLHF_01,enterprise,4.0,timeliness
CSAT_000297,2026-03-20,rlhf_evaluation,TEAM_APAC_RLHF_02,enterprise,4.6,responsiveness
CSAT_000298,2026-05-15,expert_review,TEAM_APAC_EXPERT_01,enterprise,4.6,tooling
CSAT_000299,2026-03-31,image_annotation,TEAM_APAC_IMAGE_03,mid_market,4.5,handoff_quality
CSAT_000300,2026-04-21,audio_evaluation,TEAM_APAC_AUDIO_01,enterprise,4.7,handoff_quality
CSAT_000301,2026-04-07,expert_review,TEAM_APAC_EXPERT_01,strategic,4.2,accuracy
CSAT_000302,2026-04-27,rlhf_evaluation,TEAM_APAC_RLHF_01,enterprise,3.5,timeliness
CSAT_000303,2026-06-11,rlhf_evaluation,TEAM_APAC_RLHF_02,startup,4.0,timeliness
CSAT_000304,2026-04-13,rlhf_evaluation,TEAM_APAC_RLHF_02,strategic,4.1,accuracy
CSAT_000305,2026-05-09,rlhf_evaluation,TEAM_APAC_RLHF_01,strategic,4.3,handoff_quality
CSAT_000306,2026-04-23,image_annotation,TEAM_APAC_IMAGE_01,enterprise,4.8,accuracy
CSAT_000307,2026-03-18,code_review,TEAM_APAC_CODE_01,mid_market,4.6,responsiveness
CSAT_000308,2026-04-30,image_annotation,TEAM_APAC_IMAGE_02,strategic,4.4,timeliness
CSAT_000309,2026-05-06,code_review,TEAM_APAC_CODE_02,strategic,4.4,tooling
CSAT_000310,2026-05-20,rlhf_evaluation,TEAM_APAC_RLHF_03,mid_market,4.3,calibration
CSAT_000311,2026-03-21,image_annotation,TEAM_APAC_IMAGE_01,mid_market,4.5,handoff_quality
CSAT_000312,2026-03-18,code_review,TEAM_APAC_CODE_03,strategic,4.1,calibration
CSAT_000313,2026-06-02,audio_evaluation,TEAM_APAC_AUDIO_03,mid_market,4.1,timeliness
CSAT_000314,2026-04-02,audio_evaluation,TEAM_APAC_AUDIO_02,enterprise,4.3,responsiveness
CSAT_000315,2026-04-11,image_annotation,TEAM_APAC_IMAGE_02,enterprise,4.3,handoff_quality
CSAT_000316,2026-05-12,expert_review,TEAM_APAC_EXPERT_01,enterprise,4.3,responsiveness
CSAT_000317,2026-05-25,audio_evaluation,TEAM_APAC_AUDIO_03,strategic,4.3,timeliness
CSAT_000318,2026-04-06,rlhf_evaluation,TEAM_APAC_RLHF_02,enterprise,4.3,tooling
CSAT_000319,2026-06-06,code_review,TEAM_APAC_CODE_03,enterprise,4.5,calibration
CSAT_000320,2026-04-30,code_review,TEAM_APAC_CODE_02,startup,4.6,accuracy
CSAT_000321,2026-06-09,audio_evaluation,TEAM_APAC_AUDIO_03,startup,4.1,accuracy
CSAT_000322,2026-06-01,image_annotation,TEAM_APAC_IMAGE_02,enterprise,4.4,tooling
CSAT_000323,2026-05-20,image_annotation,TEAM_APAC_IMAGE_02,mid_market,4.7,handoff_quality
CSAT_000324,2026-05-18,expert_review,TEAM_APAC_EXPERT_01,enterprise,4.5,communication
CSAT_000325,2026-03-29,rlhf_evaluation,TEAM_APAC_RLHF_01,enterprise,4.2,accuracy
CSAT_000326,2026-06-01,code_review,TEAM_APAC_CODE_02,enterprise,4.6,responsiveness
CSAT_000327,2026-04-07,rlhf_evaluation,TEAM_APAC_RLHF_03,enterprise,4.5,accuracy
CSAT_000328,2026-06-10,audio_evaluation,TEAM_APAC_AUDIO_01,strategic,4.3,calibration
CSAT_000329,2026-04-08,expert_review,TEAM_APAC_EXPERT_02,strategic,3.9,timeliness
CSAT_000330,2026-03-26,image_annotation,TEAM_APAC_IMAGE_01,strategic,5.0,calibration
CSAT_000331,2026-06-04,audio_evaluation,TEAM_APAC_AUDIO_01,strategic,4.3,handoff_quality
CSAT_000332,2026-05-14,audio_evaluation,TEAM_APAC_AUDIO_03,startup,4.0,timeliness
CSAT_000333,2026-06-07,expert_review,TEAM_APAC_EXPERT_01,strategic,4.1,calibration
CSAT_000334,2026-04-26,audio_evaluation,TEAM_APAC_AUDIO_01,mid_market,3.9,timeliness
CSAT_000335,2026-03-23,image_annotation,TEAM_APAC_IMAGE_03,enterprise,4.6,tooling
CSAT_000336,2026-05-02,code_review,TEAM_APAC_CODE_03,mid_market,4.3,tooling
CSAT_000337,2026-04-19,rlhf_evaluation,TEAM_APAC_RLHF_02,enterprise,4.3,handoff_quality
CSAT_000338,2026-05-16,expert_review,TEAM_APAC_EXPERT_01,mid_market,4.5,handoff_quality
CSAT_000339,2026-05-02,code_review,TEAM_APAC_CODE_03,mid_market,4.6,communication
CSAT_000340,2026-06-11,audio_evaluation,TEAM_APAC_AUDIO_01,enterprise,3.7,calibration
CSAT_000341,2026-04-14,audio_evaluation,TEAM_APAC_AUDIO_02,strategic,4.3,tooling
CSAT_000342,2026-04-03,code_review,TEAM_APAC_CODE_03,enterprise,4.0,accuracy
CSAT_000343,2026-04-08,rlhf_evaluation,TEAM_APAC_RLHF_02,enterprise,4.3,timeliness
CSAT_000344,2026-04-20,rlhf_evaluation,TEAM_APAC_RLHF_02,mid_market,3.9,timeliness
CSAT_000345,2026-04-07,rlhf_evaluation,TEAM_APAC_RLHF_03,enterprise,4.1,calibration
CSAT_000346,2026-05-16,audio_evaluation,TEAM_APAC_AUDIO_01,mid_market,4.2,communication
CSAT_000347,2026-06-13,audio_evaluation,TEAM_APAC_AUDIO_01,mid_market,4.0,timeliness
CSAT_000348,2026-03-23,image_annotation,TEAM_APAC_IMAGE_04,enterprise,4.9,tooling
CSAT_000349,2026-03-27,audio_evaluation,TEAM_APAC_AUDIO_01,mid_market,4.3,responsiveness
CSAT_000350,2026-05-27,code_review,TEAM_APAC_CODE_01,strategic,4.4,accuracy
CSAT_000351,2026-05-13,code_review,TEAM_APAC_CODE_03,enterprise,4.2,communication
CSAT_000352,2026-06-09,image_annotation,TEAM_APAC_IMAGE_04,enterprise,4.8,responsiveness
CSAT_000353,2026-05-10,image_annotation,TEAM_APAC_IMAGE_03,mid_market,4.9,responsiveness
CSAT_000354,2026-03-21,expert_review,TEAM_APAC_EXPERT_01,mid_market,4.3,tooling
CSAT_000355,2026-04-27,rlhf_evaluation,TEAM_APAC_RLHF_01,mid_market,4.3,calibration
CSAT_000356,2026-03-19,rlhf_evaluation,TEAM_APAC_RLHF_03,enterprise,4.3,handoff_quality
CSAT_000357,2026-04-06,audio_evaluation,TEAM_APAC_AUDIO_02,enterprise,4.5,responsiveness
CSAT_000358,2026-04-25,code_review,TEAM_APAC_CODE_02,enterprise,4.1,calibration
CSAT_000359,2026-04-08,image_annotation,TEAM_APAC_IMAGE_02,startup,4.6,handoff_quality
CSAT_000360,2026-03-26,code_review,TEAM_APAC_CODE_03,enterprise,4.4,handoff_quality
CSAT_000361,2026-05-02,expert_review,TEAM_APAC_EXPERT_01,startup,4.5,handoff_quality
CSAT_000362,2026-05-09,image_annotation,TEAM_APAC_IMAGE_04,startup,4.4,communication
CSAT_000363,2026-03-28,expert_review,TEAM_APAC_EXPERT_01,mid_market,4.3,calibration
CSAT_000364,2026-05-10,code_review,TEAM_APAC_CODE_03,mid_market,4.1,calibration
CSAT_000365,2026-05-24,code_review,TEAM_APAC_CODE_03,mid_market,4.3,responsiveness
CSAT_000366,2026-06-12,image_annotation,TEAM_APAC_IMAGE_04,mid_market,4.4,accuracy
CSAT_000367,2026-04-16,expert_review,TEAM_APAC_EXPERT_02,startup,4.2,responsiveness
CSAT_000368,2026-04-23,code_review,TEAM_APAC_CODE_02,enterprise,4.4,timeliness
CSAT_000369,2026-04-24,rlhf_evaluation,TEAM_APAC_RLHF_01,enterprise,4.2,calibration
CSAT_000370,2026-04-26,code_review,TEAM_APAC_CODE_01,mid_market,4.2,accuracy
CSAT_000371,2026-04-29,code_review,TEAM_APAC_CODE_03,mid_market,4.5,accuracy
CSAT_000372,2026-06-13,rlhf_evaluation,TEAM_APAC_RLHF_02,enterprise,4.0,timeliness
CSAT_000373,2026-05-08,expert_review,TEAM_APAC_EXPERT_02,mid_market,4.4,calibration
CSAT_000374,2026-06-01,code_review,TEAM_APAC_CODE_02,mid_market,4.1,timeliness
CSAT_000375,2026-03-26,code_review,TEAM_APAC_CODE_01,enterprise,4.5,responsiveness
CSAT_000376,2026-05-31,image_annotation,TEAM_APAC_IMAGE_02,startup,4.5,timeliness
CSAT_000377,2026-05-22,code_review,TEAM_APAC_CODE_01,strategic,4.1,accuracy
CSAT_000378,2026-03-27,image_annotation,TEAM_APAC_IMAGE_02,mid_market,4.2,calibration
CSAT_000379,2026-04-19,code_review,TEAM_APAC_CODE_03,startup,4.3,responsiveness
CSAT_000380,2026-05-21,image_annotation,TEAM_APAC_IMAGE_01,startup,4.4,tooling
CSAT_000381,2026-03-30,expert_review,TEAM_APAC_EXPERT_01,startup,4.0,calibration
CSAT_000382,2026-05-21,image_annotation,TEAM_APAC_IMAGE_04,mid_market,4.5,timeliness
CSAT_000383,2026-04-17,image_annotation,TEAM_APAC_IMAGE_02,mid_market,4.6,accuracy
CSAT_000384,2026-06-02,expert_review,TEAM_APAC_EXPERT_01,mid_market,4.7,communication
CSAT_000385,2026-04-14,rlhf_evaluation,TEAM_APAC_RLHF_03,enterprise,4.1,calibration
CSAT_000386,2026-04-20,code_review,TEAM_APAC_CODE_01,mid_market,4.2,responsiveness
CSAT_000387,2026-06-08,code_review,TEAM_APAC_CODE_03,mid_market,4.4,timeliness
CSAT_000388,2026-05-05,code_review,TEAM_APAC_CODE_02,enterprise,4.4,timeliness
CSAT_000389,2026-05-30,rlhf_evaluation,TEAM_APAC_RLHF_03,enterprise,4.6,accuracy
CSAT_000390,2026-04-25,audio_evaluation,TEAM_APAC_AUDIO_03,mid_market,4.4,communication
CSAT_000391,2026-04-23,image_annotation,TEAM_APAC_IMAGE_01,strategic,4.4,communication
CSAT_000392,2026-06-05,audio_evaluation,TEAM_APAC_AUDIO_03,startup,4.2,accuracy
CSAT_000393,2026-05-22,code_review,TEAM_APAC_CODE_01,enterprise,4.6,calibration
CSAT_000394,2026-04-23,rlhf_evaluation,TEAM_APAC_RLHF_03,startup,4.5,timeliness
CSAT_000395,2026-04-22,expert_review,TEAM_APAC_EXPERT_01,enterprise,4.6,calibration
CSAT_000396,2026-04-04,code_review,TEAM_APAC_CODE_03,enterprise,4.4,calibration
CSAT_000397,2026-05-23,image_annotation,TEAM_APAC_IMAGE_01,enterprise,4.5,handoff_quality
CSAT_000398,2026-04-05,rlhf_evaluation,TEAM_APAC_RLHF_03,strategic,4.4,accuracy
CSAT_000399,2026-03-25,image_annotation,TEAM_APAC_IMAGE_03,enterprise,4.5,timeliness
CSAT_000400,2026-05-26,image_annotation,TEAM_APAC_IMAGE_01,enterprise,4.6,handoff_quality
CSAT_000401,2026-05-07,image_annotation,TEAM_APAC_IMAGE_04,mid_market,4.5,calibration
CSAT_000402,2026-05-18,image_annotation,TEAM_APAC_IMAGE_04,startup,4.4,handoff_quality
CSAT_000403,2026-05-07,rlhf_evaluation,TEAM_APAC_RLHF_03,startup,4.9,tooling
CSAT_000404,2026-03-20,code_review,TEAM_APAC_CODE_03,enterprise,3.8,accuracy
CSAT_000405,2026-04-16,rlhf_evaluation,TEAM_APAC_RLHF_03,mid_market,3.9,calibration
CSAT_000406,2026-06-02,expert_review,TEAM_APAC_EXPERT_02,strategic,4.3,handoff_quality
CSAT_000407,2026-04-28,expert_review,TEAM_APAC_EXPERT_01,mid_market,4.1,timeliness
CSAT_000408,2026-05-27,audio_evaluation,TEAM_APAC_AUDIO_03,startup,4.5,timeliness
CSAT_000409,2026-03-19,expert_review,TEAM_APAC_EXPERT_02,mid_market,4.3,communication
CSAT_000410,2026-05-25,image_annotation,TEAM_APAC_IMAGE_01,enterprise,4.8,responsiveness
CSAT_000411,2026-05-25,rlhf_evaluation,TEAM_APAC_RLHF_01,startup,4.5,accuracy
CSAT_000412,2026-04-30,audio_evaluation,TEAM_APAC_AUDIO_02,enterprise,4.1,timeliness
CSAT_000413,2026-05-08,audio_evaluation,TEAM_APAC_AUDIO_01,startup,4.2,calibration
CSAT_000414,2026-04-10,image_annotation,TEAM_APAC_IMAGE_04,strategic,4.4,handoff_quality
CSAT_000415,2026-04-20,code_review,TEAM_APAC_CODE_02,mid_market,4.4,tooling
CSAT_000416,2026-03-20,image_annotation,TEAM_APAC_IMAGE_02,enterprise,4.5,timeliness
CSAT_000417,2026-05-04,audio_evaluation,TEAM_APAC_AUDIO_02,strategic,4.3,timeliness
CSAT_000418,2026-06-02,expert_review,TEAM_APAC_EXPERT_01,strategic,4.0,accuracy
CSAT_000419,2026-05-25,code_review,TEAM_APAC_CODE_01,strategic,4.4,responsiveness
CSAT_000420,2026-05-23,code_review,TEAM_APAC_CODE_02,mid_market,4.2,timeliness
CSAT_000421,2026-04-15,rlhf_evaluation,TEAM_APAC_RLHF_02,strategic,4.1,accuracy
CSAT_000422,2026-05-26,rlhf_evaluation,TEAM_APAC_RLHF_03,startup,4.5,communication
CSAT_000423,2026-04-05,code_review,TEAM_APAC_CODE_02,enterprise,4.3,accuracy
CSAT_000424,2026-05-09,rlhf_evaluation,TEAM_APAC_RLHF_02,mid_market,4.3,handoff_quality
CSAT_000425,2026-04-04,expert_review,TEAM_APAC_EXPERT_02,strategic,4.4,communication
CSAT_000426,2026-04-29,rlhf_evaluation,TEAM_APAC_RLHF_02,strategic,3.9,accuracy
CSAT_000427,2026-06-03,image_annotation,TEAM_APAC_IMAGE_01,enterprise,4.7,handoff_quality
CSAT_000428,2026-06-13,audio_evaluation,TEAM_APAC_AUDIO_03,enterprise,3.9,calibration
CSAT_000429,2026-05-24,audio_evaluation,TEAM_APAC_AUDIO_02,enterprise,4.4,communication
CSAT_000430,2026-04-13,rlhf_evaluation,TEAM_APAC_RLHF_01,startup,4.4,accuracy
CSAT_000431,2026-06-04,rlhf_evaluation,TEAM_APAC_RLHF_02,mid_market,4.1,timeliness
CSAT_000432,2026-06-14,code_review,TEAM_APAC_CODE_01,strategic,4.3,calibration
CSAT_000433,2026-05-20,code_review,TEAM_APAC_CODE_01,strategic,4.1,accuracy
CSAT_000434,2026-04-18,rlhf_evaluation,TEAM_APAC_RLHF_01,enterprise,4.4,calibration
CSAT_000435,2026-05-26,rlhf_evaluation,TEAM_APAC_RLHF_03,mid_market,4.2,responsiveness
CSAT_000436,2026-03-27,audio_evaluation,TEAM_APAC_AUDIO_01,enterprise,4.7,timeliness
CSAT_000437,2026-05-02,image_annotation,TEAM_APAC_IMAGE_03,mid_market,4.8,tooling
CSAT_000438,2026-06-04,image_annotation,TEAM_APAC_IMAGE_03,enterprise,4.7,responsiveness
CSAT_000439,2026-06-09,image_annotation,TEAM_APAC_IMAGE_03,enterprise,4.5,accuracy
CSAT_000440,2026-05-06,audio_evaluation,TEAM_APAC_AUDIO_01,startup,4.4,accuracy
CSAT_000441,2026-05-24,rlhf_evaluation,TEAM_APAC_RLHF_02,mid_market,4.6,calibration
CSAT_000442,2026-03-23,image_annotation,TEAM_APAC_IMAGE_04,strategic,4.5,timeliness
CSAT_000443,2026-05-05,expert_review,TEAM_APAC_EXPERT_02,mid_market,4.0,accuracy
CSAT_000444,2026-04-09,expert_review,TEAM_APAC_EXPERT_01,enterprise,4.2,handoff_quality
CSAT_000445,2026-05-17,rlhf_evaluation,TEAM_APAC_RLHF_02,strategic,4.4,communication
CSAT_000446,2026-03-30,rlhf_evaluation,TEAM_APAC_RLHF_01,mid_market,4.3,timeliness
CSAT_000447,2026-06-08,rlhf_evaluation,TEAM_APAC_RLHF_03,strategic,3.9,calibration
CSAT_000448,2026-06-05,audio_evaluation,TEAM_APAC_AUDIO_01,startup,4.3,accuracy
CSAT_000449,2026-04-14,expert_review,TEAM_APAC_EXPERT_02,enterprise,4.5,timeliness
CSAT_000450,2026-03-21,audio_evaluation,TEAM_APAC_AUDIO_02,strategic,4.5,calibration
CSAT_000451,2026-04-18,rlhf_evaluation,TEAM_APAC_RLHF_03,mid_market,4.5,calibration
CSAT_000452,2026-06-09,rlhf_evaluation,TEAM_APAC_RLHF_02,enterprise,4.5,handoff_quality
CSAT_000453,2026-05-18,audio_evaluation,TEAM_APAC_AUDIO_02,mid_market,4.1,timeliness
CSAT_000454,2026-05-01,audio_evaluation,TEAM_APAC_AUDIO_03,enterprise,4.1,calibration
CSAT_000455,2026-05-11,code_review,TEAM_APAC_CODE_02,strategic,4.5,handoff_quality
CSAT_000456,2026-06-06,code_review,TEAM_APAC_CODE_01,strategic,3.9,timeliness
CSAT_000457,2026-04-04,audio_evaluation,TEAM_APAC_AUDIO_03,startup,4.3,timeliness
CSAT_000458,2026-04-08,rlhf_evaluation,TEAM_APAC_RLHF_01,enterprise,4.0,timeliness
CSAT_000459,2026-05-05,rlhf_evaluation,TEAM_APAC_RLHF_02,strategic,4.4,accuracy
CSAT_000460,2026-04-02,expert_review,TEAM_APAC_EXPERT_02,strategic,4.6,accuracy
CSAT_000461,2026-06-14,image_annotation,TEAM_APAC_IMAGE_02,strategic,4.7,calibration
CSAT_000462,2026-05-14,code_review,TEAM_APAC_CODE_03,enterprise,4.2,calibration
CSAT_000463,2026-05-14,expert_review,TEAM_APAC_EXPERT_01,enterprise,4.0,timeliness
CSAT_000464,2026-04-17,rlhf_evaluation,TEAM_APAC_RLHF_03,mid_market,4.1,communication
CSAT_000465,2026-04-03,rlhf_evaluation,TEAM_APAC_RLHF_03,mid_market,4.2,communication
CSAT_000466,2026-04-22,code_review,TEAM_APAC_CODE_02,mid_market,4.1,timeliness
CSAT_000467,2026-03-31,image_annotation,TEAM_APAC_IMAGE_04,startup,4.5,responsiveness
CSAT_000468,2026-04-05,expert_review,TEAM_APAC_EXPERT_01,mid_market,4.2,calibration
CSAT_000469,2026-03-31,image_annotation,TEAM_APAC_IMAGE_02,enterprise,4.7,calibration
CSAT_000470,2026-05-01,rlhf_evaluation,TEAM_APAC_RLHF_02,strategic,4.2,responsiveness
CSAT_000471,2026-04-30,rlhf_evaluation,TEAM_APAC_RLHF_01,startup,4.6,tooling
CSAT_000472,2026-03-22,code_review,TEAM_APAC_CODE_03,mid_market,4.7,tooling
CSAT_000473,2026-04-11,image_annotation,TEAM_APAC_IMAGE_03,mid_market,4.5,timeliness
CSAT_000474,2026-06-11,image_annotation,TEAM_APAC_IMAGE_02,enterprise,4.6,accuracy
CSAT_000475,2026-04-29,expert_review,TEAM_APAC_EXPERT_01,enterprise,4.2,responsiveness
CSAT_000476,2026-04-14,code_review,TEAM_APAC_CODE_03,strategic,4.5,tooling
CSAT_000477,2026-04-01,rlhf_evaluation,TEAM_APAC_RLHF_02,enterprise,4.1,calibration
CSAT_000478,2026-06-04,rlhf_evaluation,TEAM_APAC_RLHF_01,startup,3.9,calibration
CSAT_000479,2026-05-23,image_annotation,TEAM_APAC_IMAGE_02,strategic,4.7,calibration
CSAT_000480,2026-04-06,code_review,TEAM_APAC_CODE_03,startup,4.6,calibration
CSAT_000481,2026-06-08,rlhf_evaluation,TEAM_APAC_RLHF_03,strategic,3.5,timeliness
CSAT_000482,2026-04-19,rlhf_evaluation,TEAM_APAC_RLHF_01,mid_market,4.3,timeliness
CSAT_000483,2026-04-07,rlhf_evaluation,TEAM_APAC_RLHF_02,enterprise,4.0,accuracy
CSAT_000484,2026-04-16,expert_review,TEAM_APAC_EXPERT_01,enterprise,4.0,accuracy
CSAT_000485,2026-05-28,expert_review,TEAM_APAC_EXPERT_02,enterprise,3.9,calibration
CSAT_000486,2026-03-31,code_review,TEAM_APAC_CODE_01,enterprise,4.1,timeliness
CSAT_000487,2026-04-14,audio_evaluation,TEAM_APAC_AUDIO_01,enterprise,3.9,calibration
CSAT_000488,2026-04-15,image_annotation,TEAM_APAC_IMAGE_04,mid_market,4.7,calibration
CSAT_000489,2026-05-14,expert_review,TEAM_APAC_EXPERT_01,enterprise,4.1,timeliness
CSAT_000490,2026-04-04,expert_review,TEAM_APAC_EXPERT_02,mid_market,3.9,timeliness
CSAT_000491,2026-06-07,image_annotation,TEAM_APAC_IMAGE_03,enterprise,4.6,calibration
CSAT_000492,2026-05-19,audio_evaluation,TEAM_APAC_AUDIO_03,startup,4.3,calibration
CSAT_000493,2026-05-26,image_annotation,TEAM_APAC_IMAGE_02,enterprise,4.7,accuracy
CSAT_000494,2026-05-30,image_annotation,TEAM_APAC_IMAGE_01,startup,4.4,calibration
CSAT_000495,2026-04-06,image_annotation,TEAM_APAC_IMAGE_01,startup,4.5,responsiveness
CSAT_000496,2026-05-06,image_annotation,TEAM_APAC_IMAGE_01,startup,4.2,timeliness
CSAT_000497,2026-04-07,image_annotation,TEAM_APAC_IMAGE_04,startup,4.7,handoff_quality
CSAT_000498,2026-05-18,audio_evaluation,TEAM_APAC_AUDIO_02,startup,4.0,communication
CSAT_000499,2026-03-27,image_annotation,TEAM_APAC_IMAGE_03,mid_market,5.0,timeliness
CSAT_000500,2026-04-05,rlhf_evaluation,TEAM_APAC_RLHF_01,enterprise,4.5,accuracy
CSAT_000501,2026-06-14,image_annotation,TEAM_APAC_IMAGE_04,strategic,4.5,communication
CSAT_000502,2026-05-15,rlhf_evaluation,TEAM_APAC_RLHF_02,mid_market,4.2,calibration
CSAT_000503,2026-03-21,image_annotation,TEAM_APAC_IMAGE_03,mid_market,4.6,timeliness
CSAT_000504,2026-05-07,code_review,TEAM_APAC_CODE_02,startup,4.2,accuracy
CSAT_000505,2026-05-29,code_review,TEAM_APAC_CODE_01,startup,4.3,responsiveness
CSAT_000506,2026-03-21,audio_evaluation,TEAM_APAC_AUDIO_03,enterprise,3.9,calibration
CSAT_000507,2026-05-16,expert_review,TEAM_APAC_EXPERT_02,strategic,4.0,timeliness
CSAT_000508,2026-05-18,code_review,TEAM_APAC_CODE_01,enterprise,4.4,timeliness
CSAT_000509,2026-06-07,audio_evaluation,TEAM_APAC_AUDIO_02,startup,4.3,accuracy
CSAT_000510,2026-04-10,audio_evaluation,TEAM_APAC_AUDIO_02,startup,4.3,tooling
CSAT_000511,2026-04-30,expert_review,TEAM_APAC_EXPERT_02,strategic,4.2,communication
CSAT_000512,2026-03-18,image_annotation,TEAM_APAC_IMAGE_01,enterprise,4.6,tooling
CSAT_000513,2026-06-14,audio_evaluation,TEAM_APAC_AUDIO_01,enterprise,4.0,accuracy
CSAT_000514,2026-04-01,rlhf_evaluation,TEAM_APAC_RLHF_01,enterprise,4.3,calibration
CSAT_000515,2026-04-09,rlhf_evaluation,TEAM_APAC_RLHF_01,strategic,4.5,handoff_quality
CSAT_000516,2026-03-20,expert_review,TEAM_APAC_EXPERT_01,enterprise,4.3,handoff_quality
CSAT_000517,2026-05-15,image_annotation,TEAM_APAC_IMAGE_01,enterprise,4.5,handoff_quality
CSAT_000518,2026-04-02,code_review,TEAM_APAC_CODE_03,enterprise,4.4,responsiveness
CSAT_000519,2026-06-13,rlhf_evaluation,TEAM_APAC_RLHF_03,enterprise,3.9,calibration
CSAT_000520,2026-05-10,code_review,TEAM_APAC_CODE_03,mid_market,4.4,responsiveness
CSAT_000521,2026-05-17,expert_review,TEAM_APAC_EXPERT_01,startup,4.3,handoff_quality
CSAT_000522,2026-05-10,rlhf_evaluation,TEAM_APAC_RLHF_01,strategic,4.5,responsiveness
CSAT_000523,2026-03-21,expert_review,TEAM_APAC_EXPERT_01,mid_market,4.2,timeliness
CSAT_000524,2026-04-18,audio_evaluation,TEAM_APAC_AUDIO_02,enterprise,4.4,timeliness
CSAT_000525,2026-04-20,rlhf_evaluation,TEAM_APAC_RLHF_03,enterprise,4.4,calibration
CSAT_000526,2026-03-26,rlhf_evaluation,TEAM_APAC_RLHF_03,mid_market,4.4,responsiveness
CSAT_000527,2026-06-04,image_annotation,TEAM_APAC_IMAGE_04,mid_market,4.7,tooling
CSAT_000528,2026-04-22,code_review,TEAM_APAC_CODE_03,enterprise,4.5,handoff_quality
CSAT_000529,2026-05-18,rlhf_evaluation,TEAM_APAC_RLHF_03,strategic,4.2,handoff_quality
CSAT_000530,2026-04-23,image_annotation,TEAM_APAC_IMAGE_03,enterprise,4.6,accuracy
CSAT_000531,2026-03-24,image_annotation,TEAM_APAC_IMAGE_04,startup,4.6,accuracy
CSAT_000532,2026-04-01,image_annotation,TEAM_APAC_IMAGE_02,startup,4.7,timeliness
CSAT_000533,2026-06-02,image_annotation,TEAM_APAC_IMAGE_04,mid_market,4.2,responsiveness
CSAT_000534,2026-05-08,code_review,TEAM_APAC_CODE_01,startup,4.1,timeliness
CSAT_000535,2026-05-22,code_review,TEAM_APAC_CODE_01,enterprise,4.2,responsiveness
CSAT_000536,2026-04-23,audio_evaluation,TEAM_APAC_AUDIO_01,enterprise,3.9,timeliness
CSAT_000537,2026-03-26,rlhf_evaluation,TEAM_APAC_RLHF_01,mid_market,4.3,calibration
CSAT_000538,2026-05-26,image_annotation,TEAM_APAC_IMAGE_02,enterprise,4.7,timeliness
CSAT_000539,2026-04-02,image_annotation,TEAM_APAC_IMAGE_01,enterprise,4.4,calibration
CSAT_000540,2026-06-04,image_annotation,TEAM_APAC_IMAGE_01,enterprise,4.3,accuracy
CSAT_000541,2026-05-29,code_review,TEAM_APAC_CODE_02,mid_market,4.3,handoff_quality
CSAT_000542,2026-03-30,expert_review,TEAM_APAC_EXPERT_02,strategic,3.9,calibration
CSAT_000543,2026-04-10,image_annotation,TEAM_APAC_IMAGE_03,mid_market,4.7,responsiveness
CSAT_000544,2026-04-14,code_review,TEAM_APAC_CODE_02,strategic,4.1,calibration
CSAT_000545,2026-04-28,audio_evaluation,TEAM_APAC_AUDIO_01,enterprise,4.0,accuracy
CSAT_000546,2026-04-18,image_annotation,TEAM_APAC_IMAGE_04,strategic,4.7,handoff_quality
CSAT_000547,2026-05-29,image_annotation,TEAM_APAC_IMAGE_02,strategic,4.6,timeliness
CSAT_000548,2026-03-27,image_annotation,TEAM_APAC_IMAGE_03,startup,4.5,timeliness
CSAT_000549,2026-04-25,image_annotation,TEAM_APAC_IMAGE_02,mid_market,4.4,responsiveness
CSAT_000550,2026-04-08,code_review,TEAM_APAC_CODE_01,mid_market,4.5,accuracy
CSAT_000551,2026-05-18,expert_review,TEAM_APAC_EXPERT_01,mid_market,4.7,calibration
CSAT_000552,2026-05-26,rlhf_evaluation,TEAM_APAC_RLHF_02,mid_market,4.2,responsiveness
CSAT_000553,2026-03-21,rlhf_evaluation,TEAM_APAC_RLHF_02,startup,4.3,timeliness
CSAT_000554,2026-05-01,audio_evaluation,TEAM_APAC_AUDIO_03,strategic,4.0,timeliness
CSAT_000555,2026-05-26,image_annotation,TEAM_APAC_IMAGE_02,strategic,4.8,accuracy
CSAT_000556,2026-06-14,image_annotation,TEAM_APAC_IMAGE_02,enterprise,4.6,handoff_quality
CSAT_000557,2026-03-27,image_annotation,TEAM_APAC_IMAGE_03,mid_market,4.8,calibration
CSAT_000558,2026-05-25,rlhf_evaluation,TEAM_APAC_RLHF_03,mid_market,4.8,tooling
CSAT_000559,2026-03-19,rlhf_evaluation,TEAM_APAC_RLHF_03,mid_market,4.4,tooling
CSAT_000560,2026-04-11,audio_evaluation,TEAM_APAC_AUDIO_01,enterprise,4.0,communication
CSAT_000561,2026-03-25,image_annotation,TEAM_APAC_IMAGE_02,mid_market,4.4,accuracy
CSAT_000562,2026-04-01,rlhf_evaluation,TEAM_APAC_RLHF_03,strategic,4.0,calibration
CSAT_000563,2026-06-05,code_review,TEAM_APAC_CODE_01,startup,4.5,handoff_quality
CSAT_000564,2026-05-15,expert_review,TEAM_APAC_EXPERT_01,enterprise,4.0,accuracy
CSAT_000565,2026-03-30,code_review,TEAM_APAC_CODE_03,mid_market,3.9,calibration
CSAT_000566,2026-04-14,rlhf_evaluation,TEAM_APAC_RLHF_02,mid_market,4.2,tooling
CSAT_000567,2026-04-20,image_annotation,TEAM_APAC_IMAGE_02,startup,4.1,accuracy
CSAT_000568,2026-04-01,audio_evaluation,TEAM_APAC_AUDIO_03,startup,4.0,calibration
CSAT_000569,2026-04-01,audio_evaluation,TEAM_APAC_AUDIO_02,enterprise,4.1,timeliness
CSAT_000570,2026-04-13,image_annotation,TEAM_APAC_IMAGE_03,strategic,4.4,tooling
CSAT_000571,2026-04-24,rlhf_evaluation,TEAM_APAC_RLHF_03,mid_market,4.3,accuracy
CSAT_000572,2026-05-17,rlhf_evaluation,TEAM_APAC_RLHF_03,mid_market,4.4,responsiveness
CSAT_000573,2026-05-25,audio_evaluation,TEAM_APAC_AUDIO_03,enterprise,3.9,accuracy
CSAT_000574,2026-05-02,code_review,TEAM_APAC_CODE_02,enterprise,4.0,accuracy
CSAT_000575,2026-04-17,expert_review,TEAM_APAC_EXPERT_01,startup,4.5,calibration
CSAT_000576,2026-03-29,rlhf_evaluation,TEAM_APAC_RLHF_02,mid_market,4.0,communication
CSAT_000577,2026-05-30,audio_evaluation,TEAM_APAC_AUDIO_01,enterprise,3.7,calibration
CSAT_000578,2026-06-11,audio_evaluation,TEAM_APAC_AUDIO_01,mid_market,4.0,communication
CSAT_000579,2026-05-07,rlhf_evaluation,TEAM_APAC_RLHF_01,mid_market,4.2,timeliness
CSAT_000580,2026-04-09,code_review,TEAM_APAC_CODE_03,enterprise,4.5,communication
CSAT_000581,2026-05-02,image_annotation,TEAM_APAC_IMAGE_04,mid_market,4.5,tooling
CSAT_000582,2026-03-26,image_annotation,TEAM_APAC_IMAGE_02,strategic,4.4,communication
CSAT_000583,2026-04-13,audio_evaluation,TEAM_APAC_AUDIO_01,enterprise,3.9,calibration
CSAT_000584,2026-05-12,expert_review,TEAM_APAC_EXPERT_01,startup,4.1,timeliness
CSAT_000585,2026-05-25,expert_review,TEAM_APAC_EXPERT_01,mid_market,4.5,responsiveness
CSAT_000586,2026-06-07,audio_evaluation,TEAM_APAC_AUDIO_01,enterprise,4.1,communication
CSAT_000587,2026-03-30,audio_evaluation,TEAM_APAC_AUDIO_02,strategic,4.7,calibration
CSAT_000588,2026-04-25,image_annotation,TEAM_APAC_IMAGE_03,strategic,4.8,timeliness
CSAT_000589,2026-03-25,code_review,TEAM_APAC_CODE_02,strategic,4.2,tooling
CSAT_000590,2026-05-12,expert_review,TEAM_APAC_EXPERT_01,mid_market,4.1,timeliness
CSAT_000591,2026-06-14,image_annotation,TEAM_APAC_IMAGE_04,enterprise,4.7,tooling
CSAT_000592,2026-05-23,rlhf_evaluation,TEAM_APAC_RLHF_03,startup,4.6,calibration
CSAT_000593,2026-03-30,image_annotation,TEAM_APAC_IMAGE_04,mid_market,4.7,handoff_quality
CSAT_000594,2026-04-29,code_review,TEAM_APAC_CODE_02,mid_market,4.5,timeliness
CSAT_000595,2026-03-25,image_annotation,TEAM_APAC_IMAGE_03,startup,4.5,accuracy
CSAT_000596,2026-04-25,image_annotation,TEAM_APAC_IMAGE_03,enterprise,4.4,accuracy
CSAT_000597,2026-06-08,image_annotation,TEAM_APAC_IMAGE_03,enterprise,4.3,handoff_quality
CSAT_000598,2026-05-31,rlhf_evaluation,TEAM_APAC_RLHF_03,mid_market,4.2,calibration
CSAT_000599,2026-06-13,expert_review,TEAM_APAC_EXPERT_01,enterprise,3.8,timeliness
CSAT_000600,2026-05-15,rlhf_evaluation,TEAM_APAC_RLHF_03,enterprise,4.4,handoff_quality
CSAT_000601,2026-04-21,code_review,TEAM_APAC_CODE_01,mid_market,4.3,handoff_quality
CSAT_000602,2026-06-11,rlhf_evaluation,TEAM_APAC_RLHF_02,enterprise,4.4,accuracy
CSAT_000603,2026-04-26,code_review,TEAM_APAC_CODE_02,enterprise,4.5,tooling
CSAT_000604,2026-05-04,audio_evaluation,TEAM_APAC_AUDIO_01,enterprise,4.0,accuracy
CSAT_000605,2026-03-21,image_annotation,TEAM_APAC_IMAGE_01,enterprise,4.7,responsiveness
CSAT_000606,2026-04-17,expert_review,TEAM_APAC_EXPERT_01,mid_market,4.0,calibration
CSAT_000607,2026-06-14,code_review,TEAM_APAC_CODE_01,enterprise,4.3,accuracy
CSAT_000608,2026-05-08,code_review,TEAM_APAC_CODE_01,startup,4.5,handoff_quality
CSAT_000609,2026-05-29,image_annotation,TEAM_APAC_IMAGE_01,strategic,4.5,responsiveness
CSAT_000610,2026-04-04,image_annotation,TEAM_APAC_IMAGE_04,mid_market,5.0,handoff_quality
CSAT_000611,2026-05-27,rlhf_evaluation,TEAM_APAC_RLHF_02,mid_market,4.1,accuracy
CSAT_000612,2026-05-20,image_annotation,TEAM_APAC_IMAGE_02,mid_market,4.9,accuracy
CSAT_000613,2026-04-20,image_annotation,TEAM_APAC_IMAGE_04,mid_market,4.5,handoff_quality
CSAT_000614,2026-05-31,code_review,TEAM_APAC_CODE_03,strategic,4.3,accuracy
CSAT_000615,2026-05-03,image_annotation,TEAM_APAC_IMAGE_03,startup,4.5,calibration
CSAT_000616,2026-04-09,rlhf_evaluation,TEAM_APAC_RLHF_02,mid_market,4.0,calibration
CSAT_000617,2026-05-20,expert_review,TEAM_APAC_EXPERT_01,enterprise,4.4,calibration
CSAT_000618,2026-04-06,expert_review,TEAM_APAC_EXPERT_01,enterprise,4.5,communication
CSAT_000619,2026-05-17,audio_evaluation,TEAM_APAC_AUDIO_01,enterprise,4.3,communication
CSAT_000620,2026-05-31,rlhf_evaluation,TEAM_APAC_RLHF_03,startup,4.4,accuracy
CSAT_000621,2026-05-14,code_review,TEAM_APAC_CODE_03,strategic,4.3,calibration
CSAT_000622,2026-05-28,image_annotation,TEAM_APAC_IMAGE_04,mid_market,5.0,timeliness
CSAT_000623,2026-04-11,rlhf_evaluation,TEAM_APAC_RLHF_02,enterprise,4.3,calibration
CSAT_000624,2026-06-15,expert_review,TEAM_APAC_EXPERT_02,enterprise,4.2,accuracy
CSAT_000625,2026-04-20,audio_evaluation,TEAM_APAC_AUDIO_01,mid_market,4.4,tooling
CSAT_000626,2026-06-06,rlhf_evaluation,TEAM_APAC_RLHF_02,mid_market,3.9,communication
CSAT_000627,2026-04-06,rlhf_evaluation,TEAM_APAC_RLHF_02,strategic,4.4,responsiveness
CSAT_000628,2026-04-14,image_annotation,TEAM_APAC_IMAGE_02,strategic,4.9,timeliness
CSAT_000629,2026-05-13,rlhf_evaluation,TEAM_APAC_RLHF_02,enterprise,4.7,tooling
CSAT_000630,2026-06-03,image_annotation,TEAM_APAC_IMAGE_02,strategic,4.5,calibration
CSAT_000631,2026-04-04,rlhf_evaluation,TEAM_APAC_RLHF_02,strategic,4.1,calibration
CSAT_000632,2026-05-14,rlhf_evaluation,TEAM_APAC_RLHF_03,startup,4.0,accuracy
CSAT_000633,2026-05-05,rlhf_evaluation,TEAM_APAC_RLHF_03,mid_market,4.3,responsiveness
CSAT_000634,2026-04-21,rlhf_evaluation,TEAM_APAC_RLHF_03,strategic,4.2,tooling
CSAT_000635,2026-03-21,audio_evaluation,TEAM_APAC_AUDIO_02,mid_market,4.0,communication
CSAT_000636,2026-05-30,audio_evaluation,TEAM_APAC_AUDIO_02,enterprise,4.2,responsiveness
CSAT_000637,2026-05-22,rlhf_evaluation,TEAM_APAC_RLHF_01,strategic,4.3,timeliness
CSAT_000638,2026-05-26,rlhf_evaluation,TEAM_APAC_RLHF_02,enterprise,4.3,accuracy
CSAT_000639,2026-05-03,rlhf_evaluation,TEAM_APAC_RLHF_01,mid_market,4.7,timeliness
CSAT_000640,2026-05-19,rlhf_evaluation,TEAM_APAC_RLHF_02,mid_market,4.5,handoff_quality
CSAT_000641,2026-05-16,image_annotation,TEAM_APAC_IMAGE_04,enterprise,4.7,handoff_quality
CSAT_000642,2026-03-20,code_review,TEAM_APAC_CODE_01,mid_market,4.4,communication
CSAT_000643,2026-05-10,audio_evaluation,TEAM_APAC_AUDIO_01,startup,4.2,handoff_quality
CSAT_000644,2026-04-17,rlhf_evaluation,TEAM_APAC_RLHF_02,enterprise,4.0,communication
CSAT_000645,2026-05-16,audio_evaluation,TEAM_APAC_AUDIO_02,enterprise,4.4,responsiveness
CSAT_000646,2026-04-06,rlhf_evaluation,TEAM_APAC_RLHF_02,startup,4.5,tooling
CSAT_000647,2026-06-02,image_annotation,TEAM_APAC_IMAGE_02,strategic,4.5,timeliness
CSAT_000648,2026-04-01,expert_review,TEAM_APAC_EXPERT_02,enterprise,4.5,handoff_quality
CSAT_000649,2026-04-03,rlhf_evaluation,TEAM_APAC_RLHF_03,strategic,4.2,accuracy
CSAT_000650,2026-06-01,code_review,TEAM_APAC_CODE_01,enterprise,4.5,responsiveness
